id,name,type,usage_count
250,kurikara,1,851
270,kantoku,1,2290
399,kyo_(kuroichigo),1,542
469,azusa_(hws),1,611
497,eretto,1,724
509,mutsuki_(moonknives),1,798
521,kei_jiei,1,838
587,a1_(initial-g),1,2883
604,shichimenchou,1,1036
788,momiji_mao,1,744
926,umekichi,1,820
1033,kyogoku_shin,1,602
1089,ishikei,1,1596
1101,misteor,1,549
1139,nanao_naru,1,940
1172,tonpuu,1,529
1207,yu-ta,1,579
1237,nakajima_yuka,1,667
1257,mosha,1,697
1294,satou_shouji,1,715
1343,namamo_nanase,1,595
1375,tenmaso,1,576
1390,murakami_suigun,1,1403
1422,kani_biimu,1,2337
1443,shimada_fumikane,1,1286
1456,goto_p,1,717
1497,aoi_kumiko,1,595
1535,onija_tarou,1,770
1610,komatsu_eiji,1,909
1653,ito_noizi,1,1398
1663,shintarou,1,520
1665,yuuki_tatsuya,1,531
1723,miyagoe_yoshitsuki,1,872
1742,kashiwamochi_yomogi,1,1102
1835,serebi_ryousangata,1,987
1977,akinbo_(hyouka_fuyou),1,998
1999,watanabe_akio,1,860
2027,nagian,1,943
2103,suzuhira_hiro,1,1396
2286,mizumoto_tadashi,1,1399
2319,rokuwata_tomoe,1,1067
2320,banned_artist,1,82109
2322,yasuyuki,1,676
2334,takeuchi_takashi,1,1532
2419,kusanagi_tonbo,1,872
2432,shinama,1,856
2448,kawata_hisashi,1,751
2636,nagase_haruhito,1,647
2640,sazaki_ichiri,1,747
2661,kamiya_tomoe,1,541
2670,kagami_hirotaka,1,1159
2865,hase_yu,1,915
2883,homare_(fool's_art),1,1325
2943,alex_ahad,1,516
2991,sakurazawa_izumi,1,1005
3001,miwa_shirow,1,674
3104,mikeou,1,1124
3131,tony_taka,1,3086
3198,jingai_modoki,1,589
3215,senomoto_hisashi,1,640
3222,happoubi_jin,1,1277
3233,tomose_shunsaku,1,1757
3321,sameha_ikuya,1,518
3478,nishieda,1,977
3479,azasuke,1,913
3529,shirow_masamune,1,953
3617,uni8,1,642
3661,saigado,1,656
3806,onigirikun,1,546
3833,ino_(magloid),1,915
3844,amazuyu_tatsuki,1,766
3845,mitsumi_misato,1,913
3851,koku,1,715
3858,michael_f91,1,725
3994,petenshi_(dr._vermilion),1,816
3999,mota,1,1126
4006,herada_mitsuru,1,814
4037,shinshin,1,658
4075,mizuki_makoto,1,1769
4114,seo_tatsuya,1,1058
4169,harada_takehito,1,867
4202,emurin,1,592
4273,iizuki_tasuku,1,1104
4291,haruyama_kazunori,1,5227
4302,alpha_(yukai_na_nakamatachi),1,806
4384,nishii_(damnedrive),1,626
4470,youkan,1,918
4481,sugimura_tomokazu,1,864
4488,usashiro_mani,1,1320
4495,ixy,1,2777
4526,sakuya_tsuitachi,1,547
4536,yumesato_makura,1,554
4540,mattaku_mousuke,1,1828
4554,shigatake,1,518
4560,takaharu,1,644
4591,asanagi,1,1409
4650,nishimata_aoi,1,632
4700,tetsu_(kimuchi),1,842
4732,dr.p,1,603
4736,tasaka_shinnosuke,1,773
4747,sen_(astronomy),1,646
4754,kitahara_tomoe_(kitahara_koubou),1,609
4763,abubu,1,2246
4777,fukai_ryosuke,1,612
4896,ai_takurou,1,560
4911,zen_(kamuro),1,1704
5006,sano_toshihide,1,900
5046,po-ju,1,546
5164,konpeto,1,738
5309,lolita_channel,1,1829
5362,masakichi_(crossroad),1,589
5392,mizuhara_aki,1,1333
5454,mibu_natsuki,1,664
5463,yaegashi_nan,1,3533
5466,carnelian,1,2460
5500,hima,1,609
5501,izumi_tsubasu,1,1314
5515,kaiga,1,668
5522,satou_kibi,1,1305
5704,oyari_ashito,1,1120
5723,frapowa,1,1299
5755,kasuga_yukihito,1,737
5763,misaki_kurehito,1,1215
5840,koutaro,1,682
6040,yamashita_shun'ya,1,1154
6049,yuuma_(skirthike),1,559
6183,bekkankou,1,595
6200,oso_(toolate),1,561
6228,yabuki_kentarou,1,1268
6373,saki_chisuzu,1,746
6468,kozaki_yuusuke,1,576
6516,kimura_takahiro,1,539
6630,mizuryu_kei,1,673
6656,nora_higuma,1,721
6687,sakuraba_yuuki,1,986
6696,piyodera_mucha,1,530
6715,takayaki,1,771
6838,kazuma_muramasa,1,975
6888,shirotsumekusa,1,611
6907,hirano_katsuyuki,1,703
7242,mikazuki_akira!,1,793
7264,ryouka_(suzuya),1,815
7344,kobuichi,1,780
7345,muririn,1,802
7445,drawfag,1,2071
7479,bunbun,1,580
7502,seiru_(prairie),1,743
7557,norizou_type-r,1,523
7692,koume_keito,1,537
7794,inanaki_shiki,1,534
7954,k_hiro,1,750
7972,mitarashi_kousei,1,571
8020,urushihara_satoshi,1,1137
8152,saiguchi_otoufu,1,1844
8168,fumio_(rsqkr),1,1381
8279,hikawa_shou,1,927
8437,hisahiko,1,2575
8519,blade_(galaxist),1,2966
8599,kiku_hitomoji,1,752
8655,oouso,1,1508
8671,774_(nanashi),1,777
8706,kara_(color),1,934
8860,kusaka_souji,1,940
8883,namori,1,1218
9003,sakaki_imasato,1,590
9032,tsukumo_(soar99),1,730
9118,kurona,1,612
9372,rei_(rei's_room),1,753
9382,sadamoto_yoshiyuki,1,518
9421,dd_(ijigendd),1,2493
9492,yamu_(reverse_noise),1,768
9572,bosshi,1,1006
9623,kamishima_kanon,1,528
9659,flipper,1,513
9808,aozora_market,1,819
9988,hidari_(left_side),1,513
10082,gofu,1,1210
10366,kiira,1,514
10373,mk_(mod0),1,1110
10784,yuzu_momo,1,639
10787,kouno_hikaru,1,808
10848,tsuda_nanafushi,1,1959
10852,himura_kiseki,1,1272
10943,mogudan,1,984
11041,pokemoa,1,1421
11180,ouma_tokiichi,1,613
11251,gin'ichi_(akacia),1,612
11281,itou_yuuji,1,705
11449,ryoji_(nomura_ryouji),1,1017
11480,gomennasai,1,1094
11614,kamogawa_tanuki,1,938
11755,minamura_haruki,1,783
11804,shinozuka_jouji,1,562
12268,qp:flapper,1,782
12295,ayakura_juu,1,524
12451,hirasaka_makoto,1,591
12588,matsuryuu,1,1551
12627,meito_(maze),1,1307
12842,kamiyoshi_rika,1,530
12896,chado,1,930
12957,homura_subaru,1,636
13080,9law,1,715
13081,sawao,1,556
13100,haimura_kiyotaka,1,877
13386,maki_(seventh_heaven_maxion),1,670
13512,kouno_(masao),1,2171
13543,kuroboshi_kouhaku,1,716
13652,totokichi,1,699
13919,nekotoufu,1,1626
14038,hizuki_yayoi,1,996
14071,souryu,1,538
14113,engo_(aquawatery),1,583
14271,kouji_(campus_life),1,4233
14279,natsume_eri,1,566
14303,murata_range,1,891
14337,redrop,1,822
14359,kishida_mel,1,936
14637,tajima_yuuki,1,593
15370,kirishima_satoshi,1,749
15379,azumi_kazuki,1,541
15428,chihiro_(kemonomichi),1,588
15533,akashio_(loli_ace),1,665
15592,ashiomi_masato,1,624
15687,kiyama_satoshi,1,759
15710,unasaka_ryou,1,815
15758,stanley_lau,1,542
16042,komi_zumiko,1,592
16089,emily_(pure_dream),1,579
16154,caryo,1,634
16331,mudou_eichi,1,743
16511,zankuro,1,781
16513,mitha,1,572
16560,michii_yuuki,1,672
16677,miyase_mahiro,1,832
16772,okina_ika,1,938
17118,ohta_yuichi,1,637
17165,kawase_seiki,1,538
17208,kousaki_rui,1,543
17259,marugoshi_(54burger),1,716
17269,mignon,1,770
17500,kobayashi_chisato,1,725
17509,mizuki_hitoshi,1,4291
17512,b-ginga,1,1296
17544,t2r,1,778
17601,horiguchi_yukiko,1,674
17698,boshi_(a-ieba),1,524
17773,6_(yuchae),1,1147
17858,odawara_hakone,1,1016
18144,yone_kinji,1,641
18297,cle_masahiro,1,1481
18311,pairan,1,531
18398,mikage_takashi,1,1439
18580,kanikama,1,2011
18817,yoshitomi_akihito,1,600
18870,na-ga,1,802
18927,yuuki_hagure,1,944
19179,torotei,1,1201
19205,imu_sanjo,1,1528
19233,kurashima_tomoyasu,1,536
19402,oryo_(oryo04),1,1156
19442,tsuji_santa,1,775
19482,oda_ken'ichi,1,598
19656,shiratama_(shiratamaco),1,810
19748,saipaco,1,536
19874,minami_(colorful_palette),1,1736
20569,chipa_(arutana),1,548
20993,alphonse_(white_datura),1,537
21035,takana_shinno,1,685
21085,akina_tsukako,1,863
21245,hairu,1,765
21401,mitsumomo_mamu,1,536
21489,lasterk,1,979
21740,wada_arco,1,587
22116,eu03,1,1126
22332,satou_yuuki,1,1191
22523,7010,1,1013
22830,shin_(new),1,811
22845,yoshizaki_mine,1,733
23175,ueyama_michirou,1,2049
23508,bococho,1,642
23714,seki_(red_shine),1,737
23741,yagisaka_seto,1,931
23796,eroe,1,1026
23878,inuinui,1,578
23989,awa,1,1043
24237,jason_(kaiten_kussaku_kikou),1,664
24691,coffee-kizoku,1,834
25002,sumeragi_kohaku,1,691
25027,creayus,1,1612
25305,yokochou,1,1282
25348,anti_(untea9),1,1671
25436,takitarou,1,525
25938,nanashino,1,539
26104,kenkou_cross,1,1008
26574,chan_co,1,1099
26617,kurot,1,597
26711,gotyou,1,803
26716,aoi_nagisa_(metalder),1,534
26837,kurasuke,1,521
27263,ham_(points),1,523
27439,ootsuki_wataru,1,1384
29041,kuzuryuu_kennosuke,1,799
29106,hamao,1,662
29232,chyko7080,1,526
29280,inoue_sora,1,550
29550,duke_(inu_daimyou),1,554
29667,noripachi,1,683
29668,itou_(onsoku_tassha),1,572
29947,hu_dako,1,549
30052,amagai_tarou,1,525
30178,konno_tohiro,1,708
30574,noya_makoto,1,538
30750,arnest,1,695
30844,fujima_takuya,1,1591
31051,pochi_(pochi-goya),1,711
31136,toujou_sakana,1,531
31152,kamizono_(spookyhouse),1,651
31418,mikagami_hiyori,1,805
32032,nagami_yuu,1,632
32095,hanzou,1,758
32134,uccow,1,1216
32181,cis_(carcharias),1,1006
32207,lielos,1,747
32337,e20,1,804
32566,dsmile,1,559
32570,joy_ride,1,778
33003,katahira_masashi,1,1476
33186,fuzichoco,1,805
33385,rokugou_daisuke,1,883
33626,tsunako,1,1960
34071,yae_(mono110),1,532
34235,niina_ryou,1,554
34258,fuantei,1,890
34266,tsurui,1,703
34830,butcha-u,1,1487
35527,yohane,1,2576
35536,bkub,1,3132
35683,caffein,1,803
35900,tsubasa_(abchipika),1,536
36471,ica,1,576
37277,nishihara_isao,1,569
37492,inu_(aerodog),1,787
37597,6u_(eternal_land),1,607
37642,miuku_(marine_sapphire),1,813
37672,takayama_toshinori,1,530
38618,sazanami_mio,1,625
38879,korie_riko,1,606
39049,hyuuga_azuri,1,623
39196,ikari_manatsu,1,1146
39284,umishima_senbon,1,687
39928,cuboon,1,737
39929,saiste,1,561
40091,harano,1,666
40236,rei_(sanbonzakura),1,564
40435,kloah,1,979
40818,aono3,1,968
41086,azuma_aya,1,584
41502,genzoman,1,633
41755,kirisawa_juuzou,1,2488
41861,nobita_(makoto7060355),1,535
41926,kumadano,1,661
42086,reku,1,571
42116,fuuma_nagi,1,601
42557,kuro_suto_sukii,1,715
42951,ichihaya,1,576
42988,komone_ushio,1,778
43010,bow_(bhp),1,2842
43058,rikatan,1,754
43209,kamisimo_90,1,620
43274,jin_(mugenjin),1,993
43443,nanaroku_(fortress76),1,741
43744,fukahire_(ruinon),1,612
44035,dr_rex,1,1342
44041,kanno_takanori,1,554
44265,sankuma,1,612
44287,isaki_(gomi),1,582
44302,matsunaga_kouyou,1,2966
44319,yuuji_(and),1,1757
44437,kotoyama,1,752
44480,kokudou_juunigou,1,648
44498,maturiuta_sorato,1,1290
44513,sayori_(neko_works),1,1918
44594,ideolo,1,542
44598,tro,1,575
44630,ban!_(bansankan),1,1139
44691,izumi_sai,1,517
44770,synecdoche,1,559
44774,ran'ou_(tamago_no_kimi),1,560
44789,aoki_(fumomo),1,1013
45121,enkyo_yuuichirou,1,1795
45287,riyo_(lyomsnpmp),1,991
45531,nigo_(aozoragarou),1,596
45895,umanosuke,1,885
46637,taishi_(picchiridou),1,571
46683,23_(real_xxiii),1,694
46788,arano_oki,1,644
46936,torinone,1,885
47175,shibacha,1,594
47184,tori_(minamopa),1,637
47188,lack,1,1010
47414,momio,1,883
47436,zekkyon,1,554
47507,mashima_hiro,1,644
48245,fujisaki_hikari,1,836
48368,mosho,1,716
48548,hizaka,1,1252
48865,sako_(bosscoffee),1,661
49060,kadose_ara,1,522
49152,imizu_(nitro_unknown),1,1324
49208,shino_(ponjiyuusu),1,2020
50071,harada_(sansei_rain),1,761
50107,bai_lao_shu,1,1116
50180,doushimasho,1,562
50190,mimonel,1,846
50218,tukiwani,1,1499
50363,unowen,1,828
50389,shiroshi_(denpa_eshidan),1,596
50390,uranaishi_(miraura),1,639
50451,weee_(raemz),1,576
50464,shibasaki_shouji,1,950
51071,socha,1,696
51302,piromizu,1,1085
51380,hayashiya_zankurou,1,823
51784,toritora,1,528
52857,houtengeki,1,2316
52915,yoshi_tama,1,1176
53353,cream_(nipakupa),1,613
53423,choufu_shimin,1,1003
53483,urin,1,898
53574,starshadowmagician,1,720
53926,dan_(kumadan),1,523
53997,sonson_(eleven),1,635
54440,unya,1,1205
54532,diesel-turbo,1,769
54661,taka_(takahirokun),1,558
54697,liya,1,662
54979,morikura_en,1,647
55016,cura,1,633
55154,yukataro,1,849
55164,segami_daisuke,1,548
55201,okiraku_nikku,1,555
55265,muku_(muku-coffee),1,550
55493,tsukudani_(coke-buta),1,2109
55636,riichu,1,956
55719,kurione_(zassou),1,565
55755,rioshi,1,685
56417,pote_(ptkan),1,1221
56615,rasukaru,1,524
56924,ishikkoro,1,653
56986,pageratta,1,1525
57420,geewhy,1,968
57655,mel_(melty_pot),1,810
57718,iwamoto_eiri,1,555
57732,kirero,1,547
57867,scottie_(phantom2),1,1021
57964,kujou_ichiso,1,520
58025,hisasi,1,639
58163,ogami_kazuki,1,1211
58176,shirabi,1,988
58293,mitya,1,1162
58423,v-mag,1,586
58979,rappa_(rappaya),1,1590
59586,ryouma_(galley),1,608
59593,sakimori_(hououbds),1,745
59696,minaba_hideo,1,2221
59741,yajirushi_(chanoma),1,528
60195,okitakung,1,541
60278,agahari,1,1459
60497,em_(totsuzen_no_hakike),1,948
60640,tamago_(yotsumi_works),1,562
60763,fumitsuki_(minaduki_6),1,539
60769,sousouman,1,979
61014,hounori,1,631
61060,morino_hon,1,995
61086,sakimichan,1,1010
61240,kojima_saya,1,758
61321,kagematsuri,1,774
61362,maruki_(punchiki),1,998
62535,azuki_osamitsu,1,586
62714,syope,1,801
62735,shuri_(84k),1,693
62786,shirosato,1,1467
62801,tima,1,1150
63043,asamura_hiori,1,1265
63140,harusame_(unmei_no_ikasumi),1,749
63163,dei_shirou,1,1307
63285,han_(jackpot),1,583
63323,y2,1,622
63346,midorikawa_you,1,582
63557,tonda,1,1479
63807,fuuen_(akagaminanoka),1,566
63816,ichimi,1,2264
63889,hong_(white_spider),1,831
64083,hitotose_rin,1,561
64203,whoosaku,1,768
64389,akitsuki_karasu,1,1241
64472,kotatsu_(g-rough),1,647
64515,mayo_riyo,1,655
64691,nagare,1,729
64885,magukappu,1,879
64994,negom,1,1326
64996,kisetsu,1,708
65154,rifyu,1,645
65191,zucchini,1,746
65257,koi_(koisan),1,547
65332,futatsuki_hisame,1,695
66151,fuukadia_(narcolepsy),1,606
66534,kaisen_chuui,1,1042
66738,katayama_kei,1,605
66873,takanashi_ringo,1,559
66961,nironiro,1,820
67202,yukie_(kusaka_shi),1,2021
67437,monikano,1,536
67715,hoshizuki_(seigetsu),1,1072
68121,hisona_(suaritesumi),1,2155
68183,ibuki_notsu,1,894
68544,ajishio,1,544
68657,takase_muh,1,574
68753,chameleon_(ryokucha_combo),1,595
68822,super_masara,1,596
69000,kotoba_noriaki,1,750
69587,hizuki_akira,1,638
69769,yapo_(croquis_side),1,551
69860,tsukiyo_(skymint),1,663
70126,lockheart,1,554
70165,pan_(mimi),1,550
70309,karaagetarou,1,1316
71301,itto_(mentaiko),1,601
71681,ruu_(tksymkw),1,3528
71711,karory,1,676
71740,ilya_kuvshinov,1,1454
72460,hemogurobin_a1c,1,801
73230,liang_xing,1,755
73607,nanase_nao,1,1282
73760,born-to-die,1,685
74065,kedama_milk,1,604
74179,zuwai_kani,1,619
74790,konshin,1,540
74876,yadokari_genpachirou,1,626
75228,catstudioinc_(punepuni),1,1006
75733,yanagi_(nurikoboshi),1,662
75813,senri_gan,1,587
76626,sousou_(sousouworks),1,745
76646,ama_mitsuki,1,1135
76665,sakazaki_freddy,1,1042
77513,cait_aron,1,1175
77752,missile228,1,513
78006,tanashi_(mk2),1,618
78308,846-gou,1,584
78313,eromame,1,1372
78429,apple_caramel,1,728
78508,sugano_manami,1,538
78937,shibafu_(glock23),1,537
79073,ragho_no_erika,1,980
79482,amane_hasuhito,1,611
79551,ameno_(a_meno0),1,700
79665,akasaai,1,628
79726,takafumi,1,1829
79743,nakahira_guy,1,579
79816,nardack,1,854
79829,colonel_aki,1,1097
79930,yanyo_(ogino_atsuki),1,1243
80000,nekobaka,1,540
80016,annin_musou,1,1053
80286,yumiya,1,549
80621,kuromiya,1,1320
80723,tanaka_ryou,1,638
81074,sakino_shingetsu,1,920
81290,spacezin,1,1125
81349,yakisobapan_tarou_&_negitoro-ko,1,538
81736,mushi024,1,698
81921,bison_cangshu,1,733
82333,obiwan,1,1036
82530,meimaru_inuchiyo,1,736
83120,peach88,1,619
83249,minato_hitori,1,858
83402,komakoma_(magicaltale),1,547
83564,mitsumoto_jouji,1,1213
83797,yonu_(yonurime),1,551
84094,k-suwabe,1,1433
84706,mauve,1,1206
84866,milkpanda,1,1906
85480,aaaa_(quad-a),1,1498
85507,warugaki_(sk-ii),1,2442
85830,noai_nioshi,1,1142
85910,anmi,1,616
86016,yuuji_(yukimimi),1,907
86165,kakizaki_(chou_neji),1,527
86233,watarui,1,793
86300,tanaka_kusao,1,1186
86321,seijun,1,721
86380,yano_mitsuki_(nanairo),1,542
86598,amisu,1,527
86674,neko_majin,1,679
86690,takato_kurosuke,1,1126
86906,torisan,1,768
86942,ayagi_daifuku,1,543
87112,onsoku_inu,1,790
87155,parsley-f,1,863
87185,raptor7,1,805
87320,eiri_(eirri),1,1026
87531,non_(z-art),1,961
87757,kase_daiki,1,1086
87816,otoi_rekomaru,1,582
87997,zaxwu,1,532
88102,hiten_(hitenkei),1,652
88184,matsuda_(matsukichi),1,754
88353,mozukuzu_(manukedori),1,729
88392,hospital_king,1,976
88600,phantom_ix_row,1,1403
89138,kuroi_mimei,1,594
89808,redcomet,1,600
90387,otosama,1,513
91027,jeno,1,926
91441,nakatani_nio,1,647
91537,wata_do_chinkuru,1,805
91656,shinoasa,1,651
91805,mamaloni,1,869
92281,tomobe_kinuko,1,560
92368,blew_andwhite,1,895
92628,ge-b,1,658
92645,piyokichi,1,647
92797,matanonki,1,596
93187,eto_(ikumika),1,973
93465,ominaeshi_(takenoko),1,893
93548,murata_tefu,1,581
93748,arinu,1,928
94012,udon_(shiratama),1,750
94231,gashi-gashi,1,742
94312,saitou_masatsugu,1,620
94364,shouji_nigou,1,533
94557,sakimori_dan,1,769
94723,cool-kyou_shinja,1,764
94988,sachito,1,592
95092,aldehyde,1,1492
95449,j7w,1,600
95626,amasora_taichi,1,810
95644,givuchoko,1,690
96011,ganesagi,1,582
96598,club3,1,910
96604,darkmaya,1,671
96810,umigarasu_(kitsune1963),1,886
97105,niwatazumi,1,1384
97318,baffu,1,776
97387,gonzarez,1,1392
97412,hidefu_kitayan,1,1221
97451,gensoukoumuten,1,627
97867,as109,1,1529
98292,kousei_(public_planet),1,710
98918,kurou_(quadruple_zero),1,787
98999,tsukumiya_amane,1,529
99101,hanauna,1,520
99119,porurin,1,807
99145,osashin_(osada),1,703
99372,musouzuki,1,666
100041,michairu,1,720
100348,poprication,1,567
100737,shikushiku_(amamori_weekly),1,665
101211,beni_shake,1,1739
101344,takanashi_kei_(hitsujikan),1,667
101455,92m,1,1096
101880,tk8d32,1,1396
102327,bee_(deadflow),1,1059
102501,aoi_(annbi),1,720
102589,yappen,1,711
102714,sky-freedom,1,1197
102715,nishi_koutarou,1,1295
103021,mamuru,1,859
103151,pas_(paxiti),1,951
103244,ucmm,1,824
103416,culter,1,720
103663,namaniku_atk,1,686
103875,kabocha_torute,1,869
104356,yuto_(dialique),1,614
105299,komeshiro_kasu,1,880
105925,deco_(geigeki_honey),1,691
105954,miyo_(ranthath),1,1750
105992,popqn,1,700
106318,fuya_(tempupupu),1,730
106595,watanon_(gakushokutei),1,576
106869,personal_ami,1,1240
107039,oni-noboru,1,822
107063,ryuusei_(mark_ii),1,732
107330,siirakannu,1,520
107561,hetza_(hellshock),1,829
107968,seramikku,1,660
107984,shigino_sohuzi,1,861
108089,hakusai_(tiahszld),1,537
108093,meth_(emethmeth),1,540
108233,ame.,1,584
108270,roki_(hirokix),1,603
108278,hammer_(sunset_beach),1,5291
108323,aurahack,1,663
108407,kanon_(kurogane_knights),1,3699
108872,yua_(checkmate),1,2200
108941,ysys,1,614
109099,koyama_shigeru,1,2032
109634,tusia,1,525
109682,yume_shokunin,1,895
110980,kawakami_rokkaku,1,792
111176,konnyaku_(kk-monmon),1,921
111360,ebiblue,1,598
112795,wokada,1,647
113147,ayu_(mog),1,1561
113159,natsu_(anta_tte_hitoha),1,659
113316,tani_takeshi,1,3411
113328,kotorai,1,1428
113500,goma_(yoku_yatta_hou_jane),1,1119
113724,amezawa_koma,1,590
114122,saru,1,921
114280,aoshima,1,1137
114368,uni_mate,1,622
114474,taketora_suzume,1,630
114642,ssalbulre,1,539
115348,ryosios,1,585
115673,kaga3chi,1,676
115743,quick_waipa,1,594
115878,bae_(baebae),1,598
116007,tonee,1,1243
116303,momoko_(momopoco),1,990
116701,niichi_(komorebi-palette),1,1009
116785,echo_(circa),1,1274
117012,aikawa_ryou,1,661
117375,nyuu_(manekin-eko),1,612
117552,mazjojo,1,615
118123,yuzuna99,1,667
118234,amazon_(taitaitaira),1,770
118297,ao_banana,1,647
118395,m.m,1,727
119385,ricegnat,1,680
119676,doyouwantto,1,593
119751,horosuke,1,1613
120619,mishima_kurone,1,1341
120886,hayashi_custom,1,629
120925,nannacy7,1,568
120928,fumitan_(humitan),1,740
120978,belko,1,1866
120997,h_kasei,1,570
121515,infinote,1,679
121883,aile_(crossroads),1,682
121939,nakamura_regura,1,664
122276,goma_(gomasamune),1,1420
122671,mtu_(orewamuzituda),1,844
123025,harimoji,1,606
123062,itomugi-kun,1,4383
123069,masukuza_j,1,1266
123617,at_classics,1,700
123756,yutakasan-love,1,582
123951,yuuki_rika,1,555
124294,mashiro_miru,1,833
124613,wool_(miwol),1,629
125392,lambda_(kusowarota),1,940
125503,tukino_neru,1,547
125724,anbe_yoshirou,1,528
125759,neoartcore,1,797
126043,setz,1,970
126678,namie-kun,1,560
126993,jizeru_(giselebon),1,816
127333,sakimiya_(inschool),1,707
127376,komusou_(jinrikisha),1,863
127412,meow_(nekodenki),1,1207
127506,narumi_arata,1,597
127542,mataro_(matarou),1,831
127921,clearite,1,1442
127970,40hara,1,804
128199,puuzaki_puuna,1,560
128352,swordsouls,1,706
128565,hitsukuya,1,685
129026,dakku_(ogitsune),1,533
129151,amano_kouki,1,585
129397,gogiga_gagagigo,1,763
129710,dora_ita,1,558
129725,ri-net,1,594
129894,tama_(tamatamo),1,723
130115,efe,1,547
130180,gabiran,1,530
130373,wakura_(gcdan),1,632
130409,jjune,1,1255
130666,kichihachi,1,963
130810,tsukishiro_saika,1,2143
131115,robaato,1,813
131140,untue,1,963
131196,zen33n,1,695
131308,hanekoto,1,589
131545,misu_kasumi,1,852
132032,takatsuki_ichi,1,620
132055,harigane_shinshi,1,821
132217,tsukudani_norio,1,548
132954,ishii_hisao,1,881
132966,suzunone_rena,1,576
133025,natsuya_(kuttuki),1,652
133756,fkey,1,1061
133883,koruri,1,1351
134253,daiaru,1,783
134771,genyaky,1,776
135332,yamada_rei_(rou),1,554
135809,ke-ta,1,863
136508,mocha_(cotton),1,597
137003,ameyama_denshin,1,730
137012,mattari_yufi,1,847
137602,yamato_nadeshiko,1,828
137681,yume_no_owari,1,913
137966,gaoo_(frpjx283),1,1255
138924,niiko_(gonnzou),1,1346
139381,komaku_juushoku,1,878
139467,poronegi,1,682
139649,minust,1,582
139913,rariatto_(ganguri),1,2261
140528,oimanji,1,927
140608,hiiragi_yuuichi,1,558
140769,i.u.y,1,811
140808,nori_tamago,1,1360
141240,ginko_(silver_fox),1,569
141816,agawa_ryou,1,1850
141934,mvv,1,597
142471,null_(nyanpyoun),1,1780
142482,yopparai_oni,1,1208
142515,mikoyan,1,672
142657,walzrj,1,593
143507,kashu_(hizake),1,770
143764,kawashina_(momen_silicon),1,1371
144039,koto_inari,1,1192
144113,butter-t,1,515
144406,boris_(noborhys),1,2235
144468,nonco,1,830
144936,taikyokuturugi,1,546
145293,kuena,1,611
145317,roke_(taikodon),1,810
145387,slugbox,1,2272
146317,ulrich_(tagaragakuin),1,861
146419,zounose,1,2459
147306,gazacy_(dai),1,521
147340,fumihiko_(fu_mihi_ko),1,1570
147979,pataneet,1,513
148591,ergot,1,802
149201,katagiri_hachigou,1,559
149529,gotou_(nekocat),1,863
149793,satou_kuuki,1,707
149812,yt_(wai-tei),1,850
150162,jellytits-7,1,793
150383,nogi_takayoshi,1,722
150622,yuuhagi_(amaretto-no-natsu),1,1731
151561,kotobuki_(momoko_factory),1,606
151784,batta_(ijigen_debris),1,548
151789,tsukasawa_takamatsu,1,537
151876,abe_kanari,1,752
151971,haoni,1,749
152457,mochizuki_shiina,1,545
152619,milkshakework,1,914
153179,zyugoya,1,979
153680,shimazaki_mujirushi,1,1595
153968,ichiba_youichi,1,819
154021,mery_(yangmalgage),1,1544
154143,rebecca_(keinelove),1,2497
154924,ji_no,1,523
154948,ririko_(zhuoyandesailaer),1,1255
155187,engiyoshi,1,1274
155505,chamaruk,1,570
155839,makuwauri,1,1341
155889,zannen_na_hito,1,606
156411,erubo,1,733
157836,cato_(monocatienus),1,1320
158001,hisen_kaede,1,545
158049,onikobe_rin,1,1321
158239,ramudia_(lamyun),1,557
158273,terrajin,1,577
158919,muk_(monsieur),1,524
158937,shikito_(yawa0w0),1,610
158942,masami_chie,1,606
159348,dagasi,1,1015
159727,akagashi_hagane,1,821
160070,futa_(nabezoko),1,2677
160175,sei_(kaien_kien),1,959
160360,chita_(ketchup),1,800
160362,masara_(chuujou),1,594
160652,kazenokaze,1,1120
161037,janong,1,550
161745,sorimachi-doufu,1,1212
162070,monety,1,830
162259,xenon_(for_achieve),1,655
162495,hori_(hori_no_su),1,906
162496,finalcake,1,682
162544,bubukka,1,1314
162645,neki_(wakiko),1,755
163046,abandon_ranka,1,532
163174,fun_bo,1,573
163775,sazanami_konami,1,575
163991,naso4,1,535
164030,rom_(20),1,546
164097,gentsuki,1,728
164148,hm_(hmongt),1,677
165083,toosaka_asagi,1,1806
165124,sakura_oriko,1,941
166034,kuromayu,1,529
166168,hiememiko,1,613
166213,ryuuichi_(f_dragon),1,737
166314,mikazuki_neko,1,567
167125,natsuki_teru,1,768
167127,halcon,1,815
167159,moisture_(chichi),1,1254
167252,munakata_(sekimizu_kazuki),1,592
167373,rosuuri,1,523
168104,bb_(baalbuddy),1,2563
168538,mei_(maysroom),1,689
169025,barbariank,1,716
169275,asutora,1,1252
169597,silly_(marinkomoe),1,565
170162,alp,1,682
170277,kotobuki_(tiny_life),1,712
170736,rebe11,1,633
170992,porforever,1,690
171175,blvefo9,1,518
171571,kuro_chairo_no_neko,1,645
171573,kamelie,1,924
171604,y.ssanoha,1,809
171700,gaou_(umaiyo_puyoman),1,857
171971,wa_(genryusui),1,1842
172265,nekobungi_sumire,1,623
172298,kazutake_hazano,1,582
173218,fuuzasa,1,1197
173767,dikko,1,982
174199,greenteaneko,1,703
174435,ougi_hina,1,532
174661,rui_shi_(rayze_ray),1,667
175164,shin'yashiki,1,521
175188,waero,1,1287
175728,rento_(rukeai),1,533
175927,necro_(nekurodayo),1,656
176048,suurin_(ksyaro),1,530
176213,kyouda_suzuka,1,713
176477,kumiko_shiba,1,679
177345,yamabukiiro,1,684
177412,toraishi_666,1,615
178027,pokoten_(pokoten718),1,724
178350,nii_manabu,1,848
178625,sekina,1,1409
178659,akkijin,1,989
178973,konbu_wakame,1,889
179171,gurande_(g-size),1,1299
179284,saraki,1,515
179345,hiro_(hirohiro31),1,805
179915,gomtang,1,677
180255,yuki_arare,1,670
180684,eichi_yuu,1,535
180909,criis-chan,1,1004
181375,melon22,1,760
181395,e.o.,1,1411
181483,omaru_gyuunyuu,1,596
181911,toutenkou,1,567
182684,nt00,1,878
182895,qqqrinkappp,1,970
183447,nanashiro_gorou,1,737
183710,chai_(drawingchisanne),1,742
183727,mikan_(chipstar182),1,733
183897,takaman_(gaffe),1,584
184071,makuran,1,734
184351,rtil,1,1063
184438,hinghoi,1,1317
184927,at2.,1,668
185113,twrlare,1,592
185655,ikeuchi_tanuma,1,1350
185691,kanden_sky,1,521
185965,m-da_s-tarou,1,2147
186200,elf_(stroll_in_the_woods),1,1133
186365,imoko_(imonatsuki),1,535
186660,wisespeak,1,906
186827,yoshio_(55level),1,1145
187482,gemu555,1,565
188426,dopey_(dopq),1,732
188439,jack_dempa,1,1045
188616,fi-san,1,547
188886,60mai,1,544
189407,fu-ta,1,768
190041,swd3e2,1,1286
190052,nishikujic,1,552
190349,konishi_(koconatu),1,579
190683,lm_(legoman),1,814
192136,nekoume,1,578
192303,mondi_hl,1,634
193221,azumi_(myameco),1,558
193228,misumi_(macaroni),1,1016
193422,parari_(parari000),1,525
194154,felutiahime,1,657
195116,juurouta,1,669
196379,ruukii_drift,1,609
196840,ayanepuna,1,622
197096,u_u_zan,1,763
197605,kenshin187,1,617
197706,mokufuu,1,748
197740,aki99,1,910
197898,akino_shuu,1,597
198012,mawaru_(mawaru),1,612
198467,dandon_fuga,1,1233
198574,berusuke_(beru_no_su),1,586
198813,shepherd0821,1,566
199832,rin_yuu,1,655
199938,eudetenis,1,581
200845,yakob_labo,1,639
201166,kutan,1,665
201448,otohime_(youngest_princess),1,925
202236,g_(genesis1556),1,844
202464,haruhisky,1,1639
202702,kisaragi_nana,1,610
202796,rotte_(1109),1,688
203241,ittokyu,1,793
203404,yukichi_(eikichi),1,674
203425,kutsuki_kai,1,565
203581,minakami_(flyingman555),1,954
203795,miwabe_sakura,1,515
205151,akeyama_kitsune,1,562
205492,n.g.,1,811
205781,idkuroi,1,535
206753,koyubi_(littlefinger1988),1,532
207166,hxxg,1,670
207187,karukan_(monjya),1,1280
207351,ryo_(tg290),1,623
207388,bbb_(friskuser),1,979
207792,dairi,1,1183
207847,huyumitsu,1,872
207971,hews,1,2399
208359,gazing_eye,1,637
209751,infukun,1,640
210503,ndgd,1,624
210688,shinapuu,1,727
211067,tenken_(gotannda),1,952
212906,kitsunerider,1,1817
213526,nameo_(judgemasterkou),1,624
213917,utano,1,1191
214163,unfairr,1,830
214353,kikuyoshi_(tracco),1,533
214867,baba_(baba_seimaijo),1,673
215105,momose_(oqo),1,568
215433,tsukui_kachou,1,568
215746,ha_akabouzu,1,1560
215880,onsen_tamago_(hs_egg),1,528
215906,hi_you_(flying_bear),1,590
216217,kou_mashiro,1,879
216957,ichikawa_feesu,1,1490
217020,mo_(kireinamo),1,999
217354,ohisashiburi,1,1408
217900,shikitani_asuka,1,560
218442,greatmosu,1,624
218526,yomu_(sgt_epper),1,1343
218633,shiseki_hirame,1,2359
219042,kamezaemon,1,576
219332,wakabayashi_toshiya,1,1298
219504,kozue_akari,1,588
220025,jabara_tornado,1,705
220183,icomochi,1,602
220542,redlhzz,1,521
220853,yuureidoushi_(yuurei6214),1,1646
221057,yamamoto_souichirou,1,1741
221360,hanasaka_houcha,1,592
221412,shone,1,588
221608,isshiki_(ffmania7),1,1222
221890,akagi_kurage,1,576
222032,kanabun,1,778
222266,luicent,1,550
223016,kimmy77,1,753
223868,capriccio,1,729
224052,tebi_(tbd11),1,588
224209,mafuyu_(chibi21),1,560
224258,ishiyumi,1,2226
224460,echj,1,592
224546,ido_(teketeke),1,2685
224886,yano_toshinori,1,1252
224954,nuu_(nu-nyu),1,630
225178,orizen,1,669
225430,nagioka,1,622
225511,ebi_193,1,1488
226257,kairunoburogu,1,859
226922,kekemotsu,1,547
226980,hamu_koutarou,1,2359
227257,sukja,1,610
227282,kamukamu_(ars),1,580
227964,naga_u,1,3369
229358,kemachiku,1,1141
229786,ejami,1,667
229845,rakugaki-biyori,1,798
230146,syuri22,1,765
230539,bigrbear,1,891
231033,jcm2,1,751
231322,randomboobguy,1,541
231592,ojipon,1,2765
231694,coroha,1,649
232812,kashikaze,1,1536
233501,suminagashi,1,650
233666,soranamae,1,562
233670,pekeko_(pepekekeko),1,763
234752,qys3,1,551
235032,nagishiro_mito,1,660
235111,yd_(orange_maru),1,1599
235204,akchu,1,665
235381,otokuyou,1,1196
235433,kfr,1,989
235831,seneto,1,612
235912,koyuki_(kotatsu358),1,701
236570,hitotsuki_nebura,1,763
236584,ouno_(nounai_disintegration),1,558
237500,norasuko,1,761
237889,kouda_suzu,1,569
238398,shashaki,1,779
238413,iahfy,1,666
239190,chinomaron,1,514
240755,sankakusui,1,571
241192,daizu_(melon-lemon),1,696
241687,timbougami,1,589
242285,youko-shima,1,651
242469,himajin_noizu,1,960
242501,satou_daiji,1,914
243000,mika_pikazo,1,938
243511,ginhaha,1,1849
244905,pigeon666,1,581
245064,ransusan,1,545
245094,erere,1,785
245104,ryuki_(ryukisukune),1,572
245421,lpip,1,1137
245579,gawako,1,594
245815,modare,1,772
245831,kamille_(vcx68),1,1400
245964,konoshige_(ryuun),1,1798
246092,boushi-ya,1,756
246297,isshi_pyuma,1,812
246530,saku_usako_(rabbit),1,1307
247003,optionaltypo,1,1234
247203,neocoill,1,1841
247343,chanta_(ayatakaoisii),1,1555
247657,mefomefo,1,684
248863,atdan,1,842
248935,silence_girl,1,729
249587,yaneko_uta,1,740
249994,ikuchan_kaoru,1,1224
250257,waterring,1,816
250502,tandohark,1,863
251400,nottytiffy,1,727
251649,jazz_jack,1,779
251903,shimmer,1,803
252192,iesupa,1,2294
253356,ryuu.,1,599
253619,kaetzchen,1,651
254159,jetto_komusou,1,875
254403,namauni,1,657
254897,ini_(inunabe00),1,1099
254967,ajitarou_(setsu),1,828
255402,boa_(brianoa),1,658
255564,pentagon_(railgun_ky1206),1,1139
255703,shnva,1,673
256151,makicha_(sasurainopink),1,796
256383,beijuu,1,644
256739,nassukun,1,663
257206,sheya,1,1325
259178,jako_(jakoo21),1,1401
259715,koyorin,1,949
259888,akairiot,1,1229
260409,norman_maggot,1,671
260794,lvl_(sentrythe2310),1,733
260817,no-kan,1,836
261069,kuavera,1,1195
261254,yasume_yukito,1,534
262501,suzuki_toto,1,1197
263656,mizuumi_(bb),1,681
263879,monori_rogue,1,526
263930,rucchiifu,1,519
264169,nekoya_(liu),1,699
264709,less,1,600
264991,sakiyamama,1,1054
265074,op_na_yarou,1,547
265366,muchi_maro,1,572
265764,takasuma_hiro,1,663
265848,taisa_(kari),1,1926
266563,karutamo,1,656
266585,furukawa_(yomawari),1,820
267222,hara_(harayutaka),1,2537
267224,yakihebi,1,563
267373,kawai_(purplrpouni),1,564
267485,rouka_(akatyann),1,561
267603,yunamaro,1,1357
267641,chikuwa.,1,959
268272,cian_yo,1,739
268780,tonarikeru,1,568
268866,komori_kuzuyu,1,580
269452,chamaji,1,696
269765,vahn_yourdoom,1,797
270709,tenshin_amaguri_(inobeeto),1,667
270848,hana_kazari,1,1668
270997,ebifurya,1,5574
271145,moyazou_(kitaguni_moyashi_seizoujo),1,873
271350,nedia_(nedia_region),1,663
271606,tony_guisado,1,635
272277,zheng,1,816
272329,tajima_ryuushi,1,579
272421,osiimi,1,755
272456,casino_(casinoep),1,725
272631,kapatarou,1,833
272702,welt_(kinsei_koutenkyoku),1,761
272889,omachi_(slabco),1,709
275139,john_doe,1,670
276679,sak_(lemondisk),1,557
276906,muuran,1,756
277294,munmu-san,1,634
277368,dishwasher1910,1,1053
278603,kanzakietc,1,658
278718,rui_(sugar3),1,740
278955,d-rex,1,583
279019,ayamy,1,1016
279408,nyantcha,1,1985
279665,kojima_takeshi,1,530
280015,mae_(maesanpicture),1,740
280490,moke_ro,1,895
281523,misumi_(niku-kyu),1,713
282108,pallad,1,602
282297,keenh,1,617
284177,torriet,1,775
284741,greem_bang,1,798
285755,nahaki,1,689
285942,jjanda,1,665
286097,masayo_(gin_no_ame),1,686
286683,nanakusa_suzuna,1,1243
287752,nyong_nyong,1,677
288084,guweiz,1,637
288407,kankan33333,1,1078
289441,abmayo,1,906
290427,lindaroze,1,709
290664,bacius,1,687
290817,re_ghotion,1,573
292155,mashuu_(neko_no_oyashiro),1,950
294408,pochincoff,1,724
295867,tofuubear,1,882
296817,miura-n315,1,558
297893,hayabusa,1,842
298736,lansane,1,620
299205,aster_crowley,1,735
299783,ekz_(robotekz),1,575
299791,mikozin,1,1064
300359,ittla,1,543
300686,oekakizuki,1,998
300985,nadegata,1,590
301954,jmg,1,1107
301975,mashiro_yukiya,1,873
303332,hungry_clicker,1,2427
303706,jinguu_(4839ms),1,1060
303829,guin_guin,1,808
304477,jokanhiyou,1,1207
304489,iwbitu,1,803
304656,moyoron,1,909
305754,sumiyao_(amam),1,1832
305765,sofra,1,2116
306403,kaamin_(mariarose753),1,1436
306686,nikorashi-ka,1,1371
308232,seiran_(mousouchiku),1,524
309682,free_style_(yohan1754),1,592
310041,akagi_(fmttps),1,518
310486,kimoshi,1,675
311549,afrobull,1,1321
311573,deadnooodles,1,943
311648,manino_(mofuritaionaka),1,520
311672,you_(noanoamoemoe),1,514
311924,falken_(yutozin),1,777
312399,asteroid_ill,1,1242
313591,baileys_(tranquillity650),1,545
313867,sciamano240,1,881
314246,nekoda_(maoda),1,611
315434,tama_(tamago),1,730
315922,exlic,1,570
316913,kurokoshou_(emuburemu123),1,774
317359,asaya_minoru,1,1061
318460,kou_hiyoyo,1,3046
318826,chihuri,1,2675
319806,elfenlied22,1,573
320453,toshishikisai,1,572
321058,kakure_eria,1,687
321452,hekiga_(freelot),1,717
321928,mina_cream,1,588
322112,haru_(nakajou-28),1,766
322762,himiya_jouzu,1,564
323256,iwashi_dorobou_-r-,1,794
323589,massakasama,1,1007
323828,kiritto,1,903
324700,xiujia_yihuizi,1,693
324901,lamb-oic029,1,977
326212,jun_(navigavi),1,915
326273,sincos,1,1802
327062,minato_ojitan,1,923
327359,adsouto,1,693
327768,niliu_chahui,1,1106
327803,doitsuken,1,1076
328145,poyo_(hellmayuge),1,540
328270,do_m_kaeru,1,962
329765,marukyuu_ameya,1,573
329783,enjaku_izuku,1,564
330325,matilda_fiship,1,602
331225,anato_finnstark,1,562
331579,geshumaro,1,547
332546,kuro_kosyou,1,996
333582,samneco,1,1193
334350,donguri_suzume,1,856
334970,kukie-nyan,1,1036
335488,mochi_au_lait,1,1808
335576,shingyou_(alexander-13),1,555
336063,avogado6,1,2143
336343,nanoless,1,727
336616,niwarhythm,1,1050
336828,themaestronoob,1,664
337400,cutesexyrobutts,1,1414
337430,kilye_kairi,1,1405
337470,chacharan,1,626
337740,hotate-chan,1,667
337804,yamashichi_(mtseven),1,791
339092,merunyaa,1,1549
339256,amagi_(amagi626),1,629
339559,kannko_bokujou,1,543
340292,madcore,1,659
341969,narue,1,554
342623,tsukiman,1,761
342628,yoi_naosuke,1,623
342809,shiromanta,1,1580
343019,suke_(singekijyosei),1,556
343261,yukito_(dreamrider),1,1411
343371,kanpa_(campagne_9),1,1028
343715,ramchi,1,1247
344775,surio,1,648
345906,fathom,1,579
346968,rinotuna,1,673
348102,seraziel,1,1048
349186,deyui,1,559
349463,ru_zhai,1,777
350440,nakabayashi_zun,1,540
350571,topu,1,617
351449,kishida_shiki,1,866
352409,luke_(dydansgur),1,604
353887,gomashio_(goma_feet),1,693
355730,tsuruse,1,1157
356032,zanntetu,1,1035
356453,laserflip,1,525
358952,mitsurugi_sugar,1,584
359039,yuano,1,531
359477,gmkj,1,863
361926,masuyama_ryou,1,619
361930,dokomon,1,1183
361949,skeptycally,1,543
362021,maboroshi_mochi,1,702
367601,sutahiro_(donta),1,821
367630,ma_rukan,1,830
369977,roropull,1,514
371206,chigusa_minori,1,1081
371902,sunhyun,1,637
372095,ryusei_hashida,1,842
372261,kujou_karasuma,1,1258
372891,neon-tetora,1,589
373642,aztodio,1,1090
374336,donburi_(donburikazoku),1,715
375485,hiroki_(yyqw7151),1,2091
376070,siu_(siu0207),1,531
376434,mdf_an,1,523
376598,kaigen_1025,1,1339
376953,kinkymation,1,1108
377507,meyoco,1,1092
378555,hibiki_(zerocodo),1,853
378657,tanabe_(fueisei),1,927
378667,tab_head,1,540
380349,seihekiog,1,620
381141,kopaka_(karda_nui),1,893
381760,kurukurumagical,1,720
383719,kelvin_hiu,1,570
384165,pononozo,1,574
385000,tottotonero,1,671
385244,yonedatomo_mizu,1,534
385906,maru_(marg0613),1,743
386172,kawayabug,1,818
386515,marumikan,1,731
386679,gweda,1,1432
387064,cad_(caddo),1,584
387731,nanashi_(nlo),1,2102
388653,starraisins,1,688
390499,crow_(siranui),1,653
391057,darumoon,1,643
391082,mujinbensin,1,550
393102,jtveemo,1,693
530813,tf_cafe,1,700
535361,menma_(enaic31),1,634
544028,xinzoruo,1,834
550275,kabayaki_(kabayaki_eel),1,672
551893,zunusama,1,698
559556,varniskarnis,1,752
