id,name,category,post_count
41,jay_naylor,1,1166
73,shiuk,1,1253
82,dark_nek0gami,1,576
86,miu,1,633
109,jollyjack,1,1450
130,0r0ch1,1,1091
228,max_blackrabbit,1,1977
276,karabiner,1,700
382,gideon,1,1751
475,faint,1,975
480,bittenhard,1,1130
483,chalo,1,2066
501,kandlin,1,1012
876,furfragged,1,587
881,kadath,1,2176
947,grisser,1,656
953,wolfblade,1,1294
961,inuki,1,804
1020,norithics,1,1252
1054,eric_schwartz,1,1116
1065,meesh,1,1917
1106,kacey,1,1321
1157,furball,1,3015
1249,unknown_artist,1,51506
1253,furronika,1,770
1343,daigo,1,597
1398,sukebepanda,1,750
1556,miles_df,1,898
1605,artdecade,1,731
1705,bonk,1,884
1778,yawg,1,2459
1784,heather_bruton,1,922
1788,james_m_hardiman,1,724
1838,doug_winger,1,688
2263,fred_perry,1,515
2362,thefuckingdevil,1,1214
2511,accelo,1,924
2770,blotch,1,855
2905,scappo,1,1230
3279,keishinkae,1,569
3360,style_wager,1,1081
3436,sabretoothed_ermine,1,913
3675,ritts,1,1333
3682,kenket,1,914
3747,coyotek,1,597
3817,nexus,1,1041
3853,chochi,1,959
3994,karol_pawlinski,1,623
4627,ajin,1,538
4731,shonuff,1,637
5186,kazuhiro,1,787
5222,lord_magicpants,1,528
5420,narse,1,749
5429,eldiman,1,1589
5591,drxii,1,1608
5598,vdisco,1,1375
5773,katie_hofgard,1,930
5877,modem_redpill,1,556
6529,brian_mcpherson,1,543
6773,mamabliss,1,789
6979,toyomaru,1,514
7079,ecmajor,1,1094
7252,mot,1,960
7355,lapinbeau,1,631
7544,karno,1,740
8420,teaselbone,1,547
8553,dramamine,1,756
8729,caroo,1,1092
8951,rajii,1,811
9019,dracojeff,1,1069
9024,fluff-kevlar,1,1846
9072,wolfy-nail,1,1024
9318,aycee,1,699
9484,tsampikos,1,1013
9498,koul,1,934
9604,javkiller,1,955
9614,bravo,1,698
9850,hibbary,1,564
10079,truegrave9,1,1056
10385,crystal-for-ever,1,1740
10579,furryrevolution,1,564
10657,xpray,1,634
11093,skidd,1,1498
11339,moodyferret,1,633
11856,vader-san,1,563
12053,sefeiren,1,1552
12247,arania,1,1382
12292,twinkle-sez,1,1823
12988,tierafoxglove,1,518
13059,neurodyne,1,1094
13101,kazecat,1,703
13262,vkyrie,1,524
13920,cursedmarked,1,1042
14054,k-9,1,603
14519,cotora,1,1225
14566,abluedeer,1,1078
14755,redrusker,1,1107
14856,ruaidri,1,1873
15753,dr_comet,1,780
16062,catmonkshiro,1,683
16124,flinters,1,2179
16198,avoid_posting,1,2137
16769,rukifox,1,953
16929,john_joseco,1,1539
17067,darkmirage,1,1262
18210,jailbird,1,1764
18794,mysticalpha,1,1249
19223,bobbydando,1,647
19296,kloudmutt,1,2565
19392,tom_fischbach,1,4094
19651,rukis,1,1006
19940,furryratchet,1,950
20500,spotty_the_cheetah,1,621
21062,doneru,1,3532
21082,angrboda,1,609
21769,revadiehard,1,929
22016,peritian,1,1308
22162,setouchi_kurage,1,564
22253,baron_engel,1,546
22454,nettsuu,1,867
22484,argon_vile,1,2912
22502,lordstevie,1,823
22605,spelunker_sal,1,1070
22716,predaguy,1,589
22839,bgn,1,1647
23377,boosterpang,1,955
23411,demicoeur,1,1039
23452,furnut,1,865
23749,julius_zimmerman,1,584
24267,epilepsy_warning,1,924
24518,minus8,1,783
25857,shaolin_bones,1,651
25904,caribou_(artist),1,752
26133,nateday,1,732
26230,tojo_the_thief,1,1109
27038,pasaran,1,644
27253,kevinsano,1,3132
27303,pusspuss,1,521
27440,rov,1,1304
27601,dbd,1,792
27657,kishibe,1,577
27800,tabbiewolf,1,531
28438,thecon,1,2359
28706,black-kitten,1,1010
29601,kitsune_youkai,1,2928
30495,nightfaux,1,3175
30894,sindoll,1,1528
32079,lycangel,1,616
33751,immelmann,1,695
33752,patto,1,1493
33838,bristol,1,1449
35665,freckles_(artist),1,3349
35753,slb,1,911
36221,lazydez,1,589
36250,yaoifairy,1,573
36496,jaeh,1,2266
37126,jrvanesbroek,1,2284
39753,ifus,1,596
41424,bigshow,1,622
41684,shikaro,1,878
42306,niis,1,939
42766,seth-iova,1,956
43033,jindragowolf,1,571
43592,kihu,1,1683
43615,kittydee,1,3387
44911,suirano,1,3274
45068,ajna,1,671
45600,satsukii,1,683
46289,kalnareff,1,1149
46341,crovirus,1,746
46437,mylafox,1,928
46892,natysanime,1,575
47134,quillu,1,550
47561,speeds,1,576
48450,ymbk,1,1200
49013,tsaiwolf,1,856
49598,iggi,1,725
52409,ratte,1,1098
52459,psy101,1,1253
52535,lizardlars,1,2105
53008,deonwolf,1,884
53224,tricksta,1,998
53231,ryunwoofie,1,587
53578,halcy0n,1,707
53816,garouzuki,1,569
53969,sound_warning,1,11005
54609,ivanks,1,816
54724,cocolog,1,548
55033,hattonslayden,1,732
55143,dagasi,1,2302
55161,siroc,1,1387
55507,silverfox5213,1,648
55687,foxboy83,1,519
55710,fenrir_lunaris,1,584
55812,marthedog,1,771
56003,gillpanda,1,755
56958,spinal22,1,904
57325,mastergodai,1,2684
57388,bigdon1992,1,988
58392,dark-moltres,1,788
60170,danza,1,805
60187,roy_mccloud,1,584
60209,topazknight,1,619
60531,paperclip_(artist),1,793
61550,tokifuji,1,2191
62035,kenno_arkkan,1,925
62073,dream_and_nightmare,1,1231
62841,sigma_x,1,561
63858,reagan700,1,742
65033,muzz,1,548
65260,darkgem,1,539
65323,lavenderpandy,1,1914
65326,lonbluewolf,1,4323
65503,tridark,1,719
67263,longblueclaw,1,897
68096,trias,1,759
68502,boo3,1,824
69747,zeiro,1,1189
70184,anti_dev,1,1267
70737,kame_3,1,742
72558,skoon,1,660
75020,todex,1,1223
77454,falvie,1,944
78019,amwulf,1,666
78665,leobo,1,632
79459,fasttrack37d,1,1044
79682,feralise,1,743
79827,excito,1,742
80134,pokehidden,1,751
82844,flynx-flink,1,868
83650,fivel,1,680
84560,sailoranna,1,649
86439,aimi,1,518
86684,sssonic2,1,3634
87016,doxy,1,1053
87748,zp92,1,3144
87915,no_swift,1,553
89164,ayaka,1,1589
90457,daigaijin,1,2828
90785,smitty_g,1,533
91065,madmax,1,558
91778,teckworks,1,969
92257,roly,1,1837
93220,ldr,1,1103
93881,anthroanim,1,618
94807,the_other_half,1,631
94847,marauder6272,1,1504
94881,ratofdrawn,1,647
94944,cracky,1,659
95256,walter_sache,1,1071
96879,mizo_ne,1,524
97060,badgerben,1,1574
97452,longinius,1,951
97744,el-loko,1,1005
97751,type,1,1267
98502,parasitedeath,1,1423
99654,caluriri,1,522
99796,slugbox,1,1998
101270,zummeng,1,1294
103959,skipsy,1,907
104865,omny87,1,647
105381,the_weaver,1,1718
105633,king-cheetah,1,649
106288,rick_griffin,1,1478
106709,soina,1,662
106900,danji-isthmus,1,874
107360,tsitra360,1,564
108875,harlem,1,691
109780,gotobeido,1,578
110681,toughset,1,600
112184,syrinoth,1,549
112735,alfa995,1,628
113727,maldu,1,1346
113798,jackaloo,1,633
114861,shadman,1,594
115162,guoh,1,614
116126,personalami,1,1013
116659,laser_(artist),1,554
116970,foxinshadow,1,971
117640,j7w,1,847
118073,wolflady,1,542
118592,sligarthetiger,1,681
119253,sbshouseofpancakes,1,1117
119272,porin,1,595
119608,kaitycuddle,1,543
119919,vono,1,805
120235,purplepardus,1,699
120358,blackshirtboy,1,568
120414,rudragon,1,1109
121745,toby_art,1,521
121921,iudicium86,1,870
122111,teil,1,802
122134,renabu,1,693
122199,iskra,1,1105
122320,kanel,1,867
122525,justathereptile,1,547
122835,kaylii,1,576
122895,crepix,1,637
122971,desbjust,1,651
123053,incase,1,650
123628,grypwolf,1,707
123700,smudge_proof,1,2543
123826,thegreatmatsutzu,1,786
123928,poulet-7,1,522
124399,don_ko,1,637
124462,franubis,1,586
124599,ambris,1,839
124955,mizzyam,1,1436
125430,makarimorph,1,1236
125967,vavacung,1,1610
126592,aogami,1,4084
126716,james_howard,1,2012
126868,seamen,1,716
126937,modeseven,1,1463
127316,braeburned,1,843
128423,scorpdk,1,1384
128549,yaroul,1,1285
129286,cotton_(artist),1,526
129401,theboogie,1,1529
130109,rotten_robbie,1,915
131780,kitsunewaffles-chan,1,604
131830,dullvivid,1,898
133374,shamelesss,1,670
133448,evilymasterful,1,573
133904,fab3716,1,756
134014,nakoo,1,757
134319,danaume,1,972
134357,tehbuttercookie,1,728
134388,alanscampos,1,795
135123,kaboozle,1,601
135293,silfoe,1,580
135436,anonymous_artist,1,6788
135493,hallogreen,1,573
135679,dimwitdog,1,3196
136125,starit,1,536
136135,lovelesskiax,1,689
137802,wyntersun,1,787
138030,sigenoya,1,675
138229,os,1,1311
138822,avante92,1,2344
139407,wfa,1,1083
139859,atryl,1,2101
142395,fearingfun,1,978
142587,kuroodod,1,1102
142643,spirale,1,801
142906,zerolativity,1,637
143020,pig_(artist),1,686
143155,the_giant_hamster,1,829
143727,dashboom,1,583
144115,eliana-asato,1,1110
144283,haychel,1,1047
145133,pata,1,720
145389,jerseydevil,1,1703
145818,lamiaaaa,1,598
146294,slashysmiley,1,796
146382,aka6,1,704
146522,imanika,1,926
147167,dreiker,1,1082
147597,bobert,1,940
147604,aaron_(artist),1,2306
148256,danellz,1,525
148616,ketzio,1,624
149120,kotobuki,1,617
149704,reign-2004,1,698
150909,harmarist,1,1111
152230,inuhoshi-to-darkpen,1,604
152454,zedrin,1,528
152806,kingofacesx,1,873
152993,mewpan,1,782
153410,s-nina,1,990
153779,kajinchu,1,552
154866,cobalt_snow,1,517
155712,amur,1,523
156350,stargazer,1,1018
156471,xylas,1,1011
157594,lotusgarden,1,540
157683,redout,1,1460
158125,feretta,1,2171
158297,conrie,1,1289
158461,dragk,1,798
158576,hioshiru,1,1728
159014,backlash91,1,1676
159113,cold-blooded-twilight,1,1766
160820,shoutingisfun,1,568
161042,cottontail,1,665
162066,dacad,1,1218
163250,ingi,1,545
163293,aruurara,1,639
163364,foxenawolf,1,664
164609,hardyboy,1,695
164614,mystikfox61,1,597
165401,halbean,1,895
165934,underpable,1,542
166124,justmegabenewell,1,1777
166185,pridark,1,617
166366,sqoon,1,826
166485,kostos_art,1,628
167258,wherewolf,1,565
167273,marjani,1,1506
167790,spazman,1,770
168121,byondrage,1,693
168443,denizen1414,1,1040
168520,uniparasite,1,796
170893,winte,1,1311
172806,sparrow_(artist),1,1758
173722,sicmop,1,1399
174324,joelasko,1,1524
174802,devo87,1,527
175059,puggy,1,600
175534,marik_azemus34,1,1260
175950,coffeechicken,1,581
176066,rainbowscreen,1,1190
176971,neko-me,1,806
177008,dekomaru,1,578
177122,booponies,1,594
177398,stunnerpony,1,656
177558,rairai-no26-chu,1,626
178667,slavedemorto,1,621
178767,kaboozey,1,1401
179203,lagotrope,1,683
179335,alasou,1,744
180653,pia-sama,1,1396
181259,gmad,1,615
181514,digitoxici,1,660
181662,r3drunner,1,785
182176,leonifa,1,644
184213,captain_nikko,1,866
184369,compfive,1,1020
184496,b-ern,1,541
184682,kredri,1,742
185041,plantpenetrator,1,643
185178,elpatrixf,1,1348
185259,vylfgor,1,727
187382,weskers,1,854
187434,anibaruthecat,1,1832
188401,latiar,1,1083
189170,fourball,1,610
189436,lunalei,1,875
189667,sundown_(artist),1,569
189868,mr.pink,1,932
190743,frist44,1,970
191031,carrot_(artist),1,1183
191068,raikissu,1,634
191295,matospectoru,1,1071
192679,alcor90,1,620
192959,mykegreywolf,1,922
192985,ravoilie,1,737
193924,gothbunnyboy,1,578
193931,adios,1,643
194206,korichi,1,576
194228,diadorin,1,1197
194385,mleonheart,1,2213
194915,kanashiipanda,1,817
195309,slypon,1,811
195857,asbel_lhant,1,1398
196406,meraence,1,575
196805,mdgusty,1,599
196899,wolflong,1,610
197267,oouna,1,699
198007,schwoo,1,836
198241,zerofox1000,1,900
199427,dtalvi,1,561
199529,evomanaphy,1,542
199568,hladilnik,1,2755
199571,sunibee,1,800
200197,zwitterkitsune,1,1439
200342,luckypan,1,607
201143,geekidog,1,527
202069,fuf,1,4535
203878,dmxwoops,1,570
203887,cybercat,1,567
203993,manmosu_marimo,1,6289
204002,backsash,1,1660
204444,yakovlev-vad,1,703
204577,trinity-fate62,1,1047
204628,milachu92,1,626
204679,camychan,1,903
204898,vexstacy,1,608
205139,zi0808,1,637
205233,chewycuticle,1,868
205747,lollipopcon,1,727
207006,incorgnito,1,518
207127,phathusa,1,683
208147,metal_(artist),1,1082
208266,badumsquish,1,1529
209370,ficficponyfic,1,616
211327,castbound,1,743
211803,xilrayne,1,730
211822,maririn,1,600
211973,watsup,1,1627
212048,naomy,1,532
212315,geeflakes,1,1675
213114,argento,1,999
213598,borisalien,1,642
213668,scruffythedeer,1,590
213955,shinodage,1,518
214031,vallhound,1,1514
214481,dangpa,1,659
215265,f-r95,1,1614
215297,bakuhaku,1,721
215332,agitype01,1,558
215393,nurinaki,1,1097
215524,naughtymorg,1,600
216271,kyander,1,716
216420,izzy223,1,535
216961,r-mk,1,1321
216985,trout_(artist),1,2174
217622,plagueofgripes,1,763
218636,sonsasu,1,925
218803,mytigertail,1,699
219451,tush_(artist),1,1421
219687,zyira,1,806
219945,conditional_dnp,1,112228
220408,youwannaslap,1,548
220452,ventkazemaru,1,1168
221037,plankboy,1,1136
221490,arashidrgn,1,701
221943,marlon.cores,1,775
223318,nicnak044,1,1317
223391,lawyerdog,1,549
223457,cyancapsule,1,966
223680,senz,1,1478
224044,smileeeeeee,1,692
225201,somescrub,1,1835
225720,lunaris_parukia,1,644
225847,replica_(artist),1,2003
226414,berseepon09,1,1122
227298,azuma_minatsu,1,614
227315,oselotti,1,1980
227340,bigdad,1,2253
227414,ungulatr,1,577
227788,iztli,1,991
227809,acstlu,1,651
228015,fuzzamorous,1,815
228785,dragonfu,1,798
228962,winick-lim,1,2778
229070,lunate,1,640
229440,ravrous,1,679
229655,marsminer,1,4227
230572,ralek,1,673
230627,mcsweezy,1,673
231046,rymherdier,1,859
232193,chowdie,1,655
233569,general-irrelevant,1,1073
233943,lysergide,1,1025
233978,lightsource,1,849
234934,limebreaker,1,2661
235148,ocaritna,1,539
235582,nerdbayne,1,528
236504,evehly,1,788
236546,theblackrook,1,549
237326,roadiesky,1,701
237453,cheezayballz,1,634
237661,drako1997,1,1209
238022,noname55,1,1010
238543,fidchellvore,1,828
239566,wolftacos,1,521
240057,dnp101,1,527
241325,qlock,1,577
241603,blitzdrachin,1,1530
242341,the_dark_mangaka,1,562
243383,san_ruishin,1,782
243678,spikedmauler,1,669
245063,nekocrispy,1,616
245484,tggeko,1,707
245696,lockworkorange,1,569
246289,krazyelf,1,1329
259651,xxsparcoxx,1,674
260357,dsan,1,642
261892,007delta,1,730
262713,dawmino,1,819
263953,captainjohkid,1,558
264133,sammfeatblueheart,1,678
264338,riendonut,1,1016
265311,bzeh,1,889
265500,quin-nsfw,1,2523
265533,sogaroth,1,734
265641,1-upclock,1,1708
266060,kitchiki,1,921
266770,oystercatcher7,1,883
268284,posexe,1,948
269468,senshion,1,815
269858,hoot_(artist),1,529
270673,buxbi,1,653
271408,rika_(artist),1,513
272924,s2-freak,1,713
273235,nana_gel,1,715
275004,lumineko,1,1572
275507,cainesart,1,673
275770,yakantuzura,1,719
276188,lunarii,1,594
276326,mcfly0crash,1,570
276814,fuze,1,3859
277012,0laffson,1,628
278323,zooshi,1,803
279071,purple_yoshi_draws,1,837
279875,emenius,1,1063
280958,hyenaface,1,617
281538,digitaldomain123,1,689
283421,daftpatriot,1,754
283556,hungothenomster,1,1069
284828,moki_(artist),1,845
284898,inuzu,1,827
287094,1boshi,1,614
288535,bikupan,1,636
289440,anaugi,1,808
289473,babystar,1,623
289958,crisis-omega,1,558
290153,catcouch,1,530
291471,enookie,1,707
292561,orlandofox,1,567
293039,elfdrago,1,817
293655,higgyy,1,686
293690,plaga,1,641
293760,pizademokttero,1,854
293799,arbuzbudesh,1,1022
293826,mcfan,1,792
293925,oob,1,759
294521,thousandfoldfeathers,1,824
295216,azaleesh,1,1253
297711,signirsol,1,576
298128,twistedscarlett60,1,1486
298734,t0l0k,1,935
299605,quotefox,1,724
299791,faf,1,585
300061,atrolux,1,1248
300277,heresy_(artist),1,745
300422,blackjr,1,584
300834,burgerkiss,1,1175
301579,sandwich-anomaly,1,769
302127,lustylamb,1,2019
302637,masterploxy,1,513
303412,satsui-n0-had0u,1,530
303478,gin-blade,1,593
305075,mofuaki,1,752
305805,wittless-pilgrim,1,743
306160,itsunknownanon,1,1040
306423,animancer,1,860
306775,hyperstorm_h,1,651
309073,jinti_(artist),1,1182
309103,iguanasarecool,1,530
309219,zinfyu,1,625
310719,seyrmo,1,957
311353,furlana,1,771
311459,bearlovestiger13,1,527
311826,kekitopu,1,1048
313293,dashie116,1,544
313306,bambii_dog,1,690
314079,xnirox,1,1080
314219,omegasunburst,1,562
315229,shinysteel,1,684
315578,angiewolf,1,1177
316056,omesore,1,527
316382,vimhomeless,1,1363
316824,skecchiart,1,558
316825,themefinland,1,725
317897,dash_ravo,1,541
318400,dbaru,1,1870
318571,oksara,1,542
318714,dedoarts,1,688
318735,tailzkim,1,1621
320775,glacierclear,1,1620
320902,miso_souperstar,1,2007
321145,sacrificabominat,1,1504
321833,link2004,1,680
322242,dryadex,1,530
322624,sepiruth,1,1439
323437,magenta7,1,723
323938,canisfidelis,1,888
324128,daiidalus,1,706
324153,dongitos,1,567
324333,dafka,1,681
324648,inkyfrog,1,2470
324663,doomthewolf,1,719
324828,unimpressive_(artist),1,527
325099,saku1saya,1,652
325601,ripli,1,544
325989,slimefur,1,991
326101,penguinexperience,1,676
328580,torakuta,1,584
328981,glitter_trap_boy,1,570
328985,tentabat,1,678
329352,pocketpaws,1,1319
330042,thesecretcave,1,1054
330378,marblesoda,1,833
330397,cownugget,1,545
333488,jaynatorburudragon,1,624
337103,malachyte,1,680
337471,thebigbadwolf01,1,1318
338748,elzzombie,1,846
339588,koorivlf,1,569
339805,thunderouserections,1,1665
340918,elvofirida,1,764
341148,blues64,1,1111
341443,12beat13,1,564
341735,zeriara,1,688
341773,alorix,1,546
342078,eleacat,1,627
342353,gorsha_pendragon,1,845
343453,jcosneverexisted,1,1349
344078,shane_frost,1,2006
344837,sabrotiger,1,702
345089,dripponi,1,885
345860,megane_inu,1,653
346103,ber00,1,1876
346609,screwingwithsfm,1,1097
346984,redpixie,1,663
347785,letodoesart,1,517
348513,dewwydarts,1,519
348671,toxoglossa,1,610
350542,borvar,1,613
351332,whisperfoot,1,1232
352011,the-minuscule-task,1,954
352089,opqhlak,1,533
352564,tsudamaku,1,1025
353602,diives,1,992
353914,an-tonio,1,772
354150,tanutanuki,1,535
354343,haps,1,698
358665,dirtyscoundrel,1,564
358735,jyto,1,513
358963,arh,1,821
359435,kilinah,1,1226
359507,selenophile,1,729
359688,sylvanedadeer,1,946
359746,elfein,1,589
360588,indigosfm,1,724
361157,derek_hetrick,1,526
362399,totesfleisch8,1,829
363913,kabalmystic_(artist),1,969
364645,agroalba,1,516
364737,suishou0602,1,561
364842,chango-tan,1,560
365202,visionaryserpent,1,1053
365803,nitani,1,625
367303,forsaken_(artist),1,866
367781,girlsay,1,887
371874,dlrowdog,1,535
372927,ratcha,1,888
372954,angstrom,1,2047
373173,samoyena,1,615
373201,smutbooru,1,733
373471,raveneevee,1,749
373744,kitfox-crimson,1,997
373760,husdur,1,641
374065,anchee,1,1061
374624,estories,1,701
375289,hyaku_(artist),1,1767
375458,averyshadydolphin,1,698
375615,pochincoff,1,1007
376857,suelix,1,793
380092,vipery-07,1,549
380417,vrabo,1,1100
380449,ruth66,1,534
381192,pandashorts,1,655
381731,lichfang,1,829
381870,sunny_way,1,973
383305,insomniacovrlrd,1,2074
384166,harnny,1,794
385703,merunyaa,1,1080
386015,yogoat,1,992
386066,tatu_wani_(artist),1,521
386777,munkeesgomu,1,1127
387154,cuddlehooves,1,603
387448,soulcentinel,1,2179
389481,frumples,1,1614
389593,enigi09,1,1422
389661,inunoshippo,1,521
390295,valkoinen,1,635
391394,magnaluna,1,797
391733,matemi,1,3386
392536,tlt_echelon,1,541
392737,sorafoxyteils,1,903
393473,iwbitu,1,911
393633,foxovh,1,838
394565,lavilovi,1,830
396782,mellonsoda,1,1037
397822,pickles-hyena,1,1245
400382,secretly_saucy,1,614
400544,asaneman,1,604
401397,bleats,1,731
403333,gerrkk,1,698
403550,pokefound,1,1116
403609,snoopjay2,1,541
403897,isvoc,1,847
404170,natoli,1,529
404294,aer0_zer0,1,887
404669,trevor-fox,1,894
405129,alec8ter,1,580
405306,sana!rpg,1,804
405983,manika_nika,1,677
406896,twiren,1,548
406966,gimka,1,706
408432,youjomodoki,1,1294
409013,ziegelzeig,1,517
409057,hooves-art,1,1589
409576,knight_dd,1,534
410587,ketty,1,618
410938,chunie,1,794
411231,tanukiarts,1,564
411991,jamoart,1,711
413579,infinitedge,1,526
414568,tatsuchan18,1,523
414902,felino,1,3131
416795,iriedono,1,796
416981,valsalia,1,536
420550,rainbowsprinklesart,1,724
421174,pgm300,1,613
421763,zourik,1,2513
422271,thewyvernsweaver,1,554
422535,namagakiokami,1,529
422830,satsumalord,1,884
423676,flashw,1,1642
423879,ultilix,1,1811
424374,doppel,1,594
424720,viroveteruscy,1,1798
425206,araivis-edelveys,1,728
425992,negoya,1,745
426480,piper_thibodeau,1,2603
429576,cornchip21,1,712
429704,marcushunter,1,817
430767,kardie,1,593
430771,artsy-theo,1,603
431578,machinewithsoul,1,549
432081,mr-shin,1,662
432933,reysi,1,788
434215,ittybittykittytittys,1,906
435756,karnator,1,605
436675,chapaevv,1,841
437122,alradeck,1,746
438209,lizet,1,684
439334,wingedwilly,1,921
440682,nauth,1,764
441281,jijis-waifus,1,555
442507,ashraely,1,1098
442702,fox-pop,1,784
449221,twitchyanimation,1,3246
449490,kyrakupetsky,1,541
452302,nobby_(artist),1,693
453431,kammi-lu,1,954
454471,semi_(artist),1,517
454572,e-01,1,1603
454646,zeromccall,1,678
455898,nawka,1,719
455991,renegade-157,1,697
457237,jedayskayvoker,1,703
457977,sugarlesspaints,1,2472
458661,akiric,1,928
462266,neotheta,1,770
462985,viola_bat,1,653
463164,icy-marth,1,722
463824,peculiart,1,1178
466587,nevobaster,1,555
470841,elvche,1,970
470885,salamikii,1,583
470927,notkastar,1,1044
471966,creatiffy,1,583
472092,aomori,1,770
472386,sealer4258,1,553
477067,rinny,1,887
477494,fuel_(artist),1,1451
478909,w4g4,1,959
480437,mifa,1,555
482683,komdog,1,1205
484931,anutka,1,526
485229,discordthege,1,603
488104,dumdum,1,603
489571,wolfie-pawz,1,526
491127,crownedvictory,1,613
495556,mehdrawings,1,645
495765,doggomeatball,1,528
496409,96panda,1,993
497219,zackary911,1,735
497582,dankflank,1,521
499699,nekowuwu,1,568
501159,jumperbear,1,958
502738,himeragoldtail,1,810
504139,dhx2kartz,1,935
504249,kespr,1,520
504315,cooliehigh,1,1147
504439,roobin,1,1226
504959,ni70,1,643
505726,unknowhiter,1,660
506794,riorix,1,847
506969,syvaron,1,674
507659,white_crest_(artist),1,882
508198,jinu,1,979
510749,tegerio,1,685
514358,malicekira,1,1110
514948,joaoppereiraus,1,1935
515158,superix,1,1279
515443,blackbetty,1,622
516235,kristiana_puff,1,632
517917,sketchybug,1,851
521430,glopossum,1,781
521820,cherrikissu,1,561
523623,ota_(artist),1,1004
524927,seibear,1,550
525716,takagi_kyou,1,662
525869,takahirosi,1,537
525951,desertkaiju,1,1030
526789,hyattlen,1,549
527283,exed_eyes,1,606
527680,feliscede,1,586
528307,dreamy_pride,1,780
528996,quanjiang,1,933
529897,pikajota,1,578
531341,nukerooster,1,612
531396,ankk,1,1530
532547,bunnybits,1,1117
533816,somik,1,530
534691,chokovit_(artist),1,603
535089,skylosminkan,1,586
536823,sulfurbunny_(artist),1,783
537064,frenky_hw,1,541
537571,kuttoyaki,1,953
541194,theblueberrycarrots,1,730
541383,picturd,1,560
541829,anthroponiessfm,1,1044
542545,napalm_express,1,623
542935,polygon5,1,577
543281,bna_v5,1,755
543939,tattoorexy,1,932
547699,fours_(artist),1,1850
549131,arizonathevixen,1,543
549328,mercurial64,1,519
551531,syuro,1,885
553143,takotyutyu,1,582
553458,s1m,1,564
553698,v-tal,1,584
553839,the_gentle_giant,1,644
554828,phenyanyanya,1,786
556280,inkit89,1,707
556454,pudgeruffian,1,577
557058,doctordj,1,673
557180,superiorfox,1,897
558409,keadonger,1,795
558848,kyrosh,1,679
559322,kwik_(artist),1,572
560944,katahane3,1,520
563629,loveslove,1,1202
565760,latchk3y,1,531
567800,funkybun,1,1035
569541,ike_marshall,1,1098
571846,seraziel,1,897
574175,moddish,1,546
575042,greasymojo,1,1111
576934,thejoyfuldragon,1,611
577606,gaikiken,1,759
578053,jakethegoat,1,757
579028,damian5320,1,630
579296,doublestuffed,1,924
582550,pururing,1,523
583241,gobanire,1,565
584498,grimart,1,845
586778,thekinkybear,1,1073
588575,xenoforge,1,1051
589864,fizzyjay,1,585
590601,chano,1,606
590741,blokfort,1,611
591512,lostgoose,1,863
592721,squishy_(artist),1,699
592780,third-party_edit,1,24147
593610,kasdaq,1,694
594406,tansau,1,718
594650,raccoondouglas,1,702
597305,tatemil,1,612
599253,grumpy_griffin_creations,1,538
600732,princelykaden,1,851
601518,klaide,1,1103
603045,horokusa0519,1,528
603138,monstercheetah,1,601
604514,amberpendant,1,645
606035,jarnqk,1,583
606205,imperatorcaesar,1,2058
610511,kokukokuboo,1,769
611093,janner3d,1,603
611767,sexotheque,1,647
612898,batartcave,1,1007
616466,nikkibunn,1,948
616559,bunnywhiskerz,1,640
620937,bjekkergauken,1,702
621446,chrysalisdraws,1,528
626407,gingy_k_fox,1,554
628468,zeklullaby,1,836
632614,kusosensei,1,874
638079,fakeryway,1,673
638827,kimacats,1,1001
642383,callmewritefag,1,521
645277,grinn3r,1,536
646787,lazysnout,1,552
648492,superbunnygt,1,1303
648737,reptilligator,1,627
649519,black-rat,1,733
650190,bastriw,1,893
652398,commanderthings,1,865
653848,viejillox,1,774
654602,pache_riggs,1,988
659122,shakotanbunny,1,693
660779,darkflash23,1,1377
661614,thehades,1,535
662734,jwinkz,1,925
663125,isolatedartest,1,797
663315,dakkawoof,1,585
664422,zaush,1,1133
666637,lyme-slyme,1,574
667070,changbae,1,644
668647,hyilpi,1,589
670892,bahnbahn,1,685
674146,phosaggro,1,568
676675,azura_inalis,1,847
680129,zenthetiger,1,561
684507,ruanshi,1,583
686378,famir_(artist),1,761
692188,mrsakai,1,535
694514,kyotoleopard,1,664
694764,blackmore,1,664
698458,masterj291,1,639
701520,mhdrawin,1,894
701649,sususuigi,1,697
702747,connivingrat,1,814
704256,symm,1,693
710880,blazethefox,1,525
712442,jrjresq,1,835
712606,asthexiancal,1,1152
715725,nauyaco,1,543
717509,masterelrest,1,757
719301,sarox,1,585
719818,kissxmaker,1,523
720835,reilukah,1,818
721762,saltyxodium,1,2058
723167,cettus,1,628
723996,trashbadger,1,614
725754,dalwart,1,535
726072,toto_draw,1,1125
727633,hierophant_green_(artist),1,533
734699,skelly_doll,1,562
735700,stemingbunbun,1,549
736778,nexcoyotlgt,1,702
737745,softestpuffss,1,1126
739025,voidlesky,1,811
739035,e254e,1,745
740169,carsen,1,586
741981,tai_l_rodriguez,1,1109
743935,rockbottomfeeder,1,556
744195,murazaki,1,560
744311,johnfoxart,1,662
751295,ceehaz,1,706
751332,glitched_securitron,1,552
753256,tohupo,1,848
758719,utterangle,1,572
760592,t72b,1,543
762571,asnnonaka,1,881
766004,nimzy,1,856
770799,submarine_screw,1,531
781846,rayliicious,1,576
782233,nr_ac,1,541
784344,tenshigarden,1,1526
790071,marco_fanjul,1,600
790299,nezumi_(artist),1,1161
792787,prrrrrrmine,1,895
793049,bloominglynx,1,1042
795065,buta99,1,613
796350,goonie-san,1,878
800120,jhenightfox,1,546
801140,derpx1,1,520
804050,plushtrapboyuwu,1,522
808427,zaviel,1,564
808748,senthaurekmern,1,1038
810741,nishi_oxnard,1,551
813143,3barts,1,943
813527,discreet_user,1,538
819408,ncs,1,566
819505,smekbo,1,658
819841,kiseff,1,664
822553,dododragon56,1,549
825646,ponporio_(artist),1,639
826349,foxball,1,682
826816,goopyarts,1,562
828205,wugi,1,814
833386,inno-sjoa,1,559
834201,shido-tara,1,566
835465,frozenartifice,1,516
835500,redishdragie,1,1714
835634,bassybefuddle,1,1091
836028,someth1ngoranother,1,640
837347,wooled,1,540
840479,rayhuma,1,569
842603,ze_blackball.d,1,537
845995,kemokin_mania,1,549
846851,chrisandcompany,1,893
848583,johnmarten,1,777
849873,milkytiger1145,1,732
852930,vju79,1,659
855161,billynr,1,528
857640,semiitu,1,566
857786,shermugi,1,534
858278,sirjzau,1,1153
863102,aoizuri,1,1520
863808,fatal_dx,1,515
864345,photolol.03,1,901
867599,kabscorner,1,729
870139,foxinuhhbox,1,530
876656,isyld,1,683
881148,snowstormbat,1,552
886247,thewilldpink,1,689
886510,skylardoodles,1,525
886846,ebonychimera,1,732
887735,tfzn,1,521
890828,tbid,1,677
898281,lewd_dorky,1,518
900259,zer0rebel4,1,930
911383,santanahoffman,1,546
912916,bastionshadowpaw,1,1109
915386,punkypanda,1,656
920636,pace-maker,1,1006
922565,oposa,1,913
926971,gammainks,1,1013
928085,mariart,1,729
934313,deadassspider,1,541
935876,smite_(artist),1,652
937982,reina.,1,690
945041,illegaleel,1,594
948825,jesterghastly,1,780
956981,morethreedee,1,675
957471,corzh77,1,832
961059,cadaverrdog,1,581
964598,advos,1,535
965839,gyrotech,1,1423
966501,oro97,1,691
966556,doesnotexist,1,930
975849,tinygaypirate,1,1100
977461,caliluminos,1,761
978911,tetsushi,1,553
979999,negy,1,970
999116,galacticmichi,1,1319
1000911,wonderslug,1,547
1000943,symrea,1,855
1003999,labbit_(artist),1,1154
1006042,meldritchhorror,1,956
1006889,dirtymac,1,829
1010847,the_man,1,1096
1017891,inu-sama,1,1067
1024825,welwraith,1,1158
1042155,band1tnsfw,1,521
1047664,hakkentai_pkdn,1,558
1047883,lewdchuu_(artist),1,1373
1048965,aztepyeen,1,627
1056161,sincastermon,1,648
1060928,erobos,1,2002
1061841,guncht,1,665
1071248,teathekook,1,652
1078934,noodlestoat,1,695
1090175,makotoo,1,699
1095341,foot_ninja15,1,609
1107040,chromapan,1,1752
1123421,domibun,1,1192
1125030,mustachemutt,1,799
1140047,seraphictiger,1,880
1142103,pillowymounds,1,730
1150960,ultimatellurker,1,561
1179509,xing1,1,1691
1184942,shaibey,1,667
1185941,sprockeyart,1,709
1194927,zeptophidia,1,1032
1206107,syngie,1,631
1217233,sebdoggo,1,1176
1302383,oddbird,1,612
1320211,rockthebull,1,562
1320660,dasharky3d,1,524
